3M India,http://www.moneycontrol.com/india/stockpricequote/diversified/3mindia/MI42
8K Miles Soft,http://www.moneycontrol.com/india/stockpricequote/computerssoftware/8kmilessoftwareservices/PMS01
Aarti Ind,http://www.moneycontrol.com/india/stockpricequote/chemicals/aartiindustries/AI45
Aban Offshore,http://www.moneycontrol.com/india/stockpricequote/oildrillingandexploration/abanoffshore/AO04
ABB India,http://www.moneycontrol.com/india/stockpricequote/infrastructuregeneral/abbindia/ABB
Abbott India,http://www.moneycontrol.com/india/stockpricequote/pharmaceuticals/abbottindia/AI51
ACC,http://www.moneycontrol.com/india/stockpricequote/cementmajor/acc/ACC06
Adani Enterpris,http://www.moneycontrol.com/india/stockpricequote/trading/adanienterprises/AE13
Adani Ports,http://www.moneycontrol.com/india/stockpricequote/infrastructuregeneral/adaniportsspecialeconomiczone/MPS
Adani Power,http://www.moneycontrol.com/india/stockpricequote/powergenerationdistribution/adanipower/AP11
Adani Trans,http://www.moneycontrol.com/india/stockpricequote/powertransmissionequipment/adanitransmission/AT22
Aditya Birla F,http://www.moneycontrol.com/india/stockpricequote/retail/adityabirlafashionretail/PFR
Advanced Enzyme,http://www.moneycontrol.com/india/stockpricequote/pharmaceuticals/advancedenzymetechnologies/AET
Aegis Logistics,http://www.moneycontrol.com/india/stockpricequote/transportlogistics/aegislogistics/AL9
AIA Engineering,http://www.moneycontrol.com/india/stockpricequote/castingsforgings/aiaengineering/AIE01
Ajanta Pharma,http://www.moneycontrol.com/india/stockpricequote/pharmaceuticals/ajantapharma/AP22
Akzo Nobel,http://www.moneycontrol.com/india/stockpricequote/paintsvarnishes/akzonobelindia/ICI
Alembic Pharma,http://www.moneycontrol.com/india/stockpricequote/pharmaceuticals/alembicpharmaceuticals/AP35
Alkem Lab,http://www.moneycontrol.com/india/stockpricequote/pharmaceuticals/alkemlaboratories/AL05
Allahabad Bank,http://www.moneycontrol.com/india/stockpricequote/bankspublicsector/allahabadbank/AB15
Allcargo,http://www.moneycontrol.com/india/stockpricequote/transportlogistics/allcargologistics/AGL02
Amara Raja Batt,http://www.moneycontrol.com/india/stockpricequote/autoancillaries/amararajabatteries/ARB
Ambuja Cements,http://www.moneycontrol.com/india/stockpricequote/cementmajor/ambujacements/AC18
Andhra Bank,http://www.moneycontrol.com/india/stockpricequote/bankspublicsector/andhrabank/AB14
Apar Ind,http://www.moneycontrol.com/india/stockpricequote/electricequipment/aparindustries/AI40
APL Apollo,http://www.moneycontrol.com/india/stockpricequote/steeltubespipes/aplapollotubes/BT09
Apollo Hospital,http://www.moneycontrol.com/india/stockpricequote/hospitalsmedicalservices/apollohospitalsenterprises/AHE
Apollo Tyres,http://www.moneycontrol.com/india/stockpricequote/tyres/apollotyres/AT14
Arvind,http://www.moneycontrol.com/india/stockpricequote/textilesdenim/arvind/A18
Asahi India,http://www.moneycontrol.com/india/stockpricequote/glassglassproducts/asahiindiaglass/AIG01
Ashok Leyland,http://www.moneycontrol.com/india/stockpricequote/autolcvshcvs/ashokleyland/AL
Ashoka Buildcon,http://www.moneycontrol.com/india/stockpricequote/constructioncontractingcivil/ashokabuildcon/AB
Asian Paints,http://www.moneycontrol.com/india/stockpricequote/paintsvarnishes/asianpaints/AP31
Astra Microwave,http://www.moneycontrol.com/india/stockpricequote/telecommunicationsequipment/astramicrowaveproducts/AMP01
Astral Poly Tec,http://www.moneycontrol.com/india/stockpricequote/plastics/astralpolytechnik/APT02
AstraZeneca,http://www.moneycontrol.com/india/stockpricequote/pharmaceuticals/astrazenecapharma/AZP
Atul,http://www.moneycontrol.com/india/stockpricequote/dyespigments/atul/A06
Aurobindo Pharm,http://www.moneycontrol.com/india/stockpricequote/pharmaceuticals/aurobindopharma/AP
Avanti Feeds,http://www.moneycontrol.com/india/stockpricequote/aquaculture/avantifeeds/AF21
Avenue Supermar,http://www.moneycontrol.com/india/stockpricequote/retail/avenuesupermarts/AS19
Axis Bank,http://www.moneycontrol.com/india/stockpricequote/banksprivatesector/axisbank/AB16
Bajaj Auto,http://www.moneycontrol.com/india/stockpricequote/auto23wheelers/bajajauto/BA10
Bajaj Corp,http://www.moneycontrol.com/india/stockpricequote/personalcare/bajajcorp/BC02
Bajaj Electric,http://www.moneycontrol.com/india/stockpricequote/domesticappliances/bajajelectricals/BE
Bajaj Finance,http://www.moneycontrol.com/india/stockpricequote/financeleasinghirepurchase/bajajfinance/BAF
Bajaj Finserv,http://www.moneycontrol.com/india/stockpricequote/financeinvestments/bajajfinserv/BF04
Bajaj Hind,http://www.moneycontrol.com/india/stockpricequote/sugar/bajajhindusthan/BH06
Bajaj Holdings,http://www.moneycontrol.com/india/stockpricequote/financeinvestments/bajajholdingsinvestment/BHI
Balkrishna Ind,http://www.moneycontrol.com/india/stockpricequote/tyres/balkrishnaindustries/BI03
Balmer Lawrie,http://www.moneycontrol.com/india/stockpricequote/diversified/balmerlawriecompany/BLC
Balrampur Chini,http://www.moneycontrol.com/india/stockpricequote/sugar/balrampurchinimills/BCM
Bank of Baroda,http://www.moneycontrol.com/india/stockpricequote/bankspublicsector/bankofbaroda/BOB
Bank of India,http://www.moneycontrol.com/india/stockpricequote/bankspublicsector/bankofindia/BOI
Bank of Mah,http://www.moneycontrol.com/india/stockpricequote/bankspublicsector/bankmaharashtra/BM05
BASF,http://www.moneycontrol.com/india/stockpricequote/chemicals/basfindia/BAS
Bata India,http://www.moneycontrol.com/india/stockpricequote/leatherproducts/bataindia/BI01
Bayer CropScien,http://www.moneycontrol.com/india/stockpricequote/pesticidesagrochemicals/bayercropscience/BC12
BEML,http://www.moneycontrol.com/india/stockpricequote/infrastructuregeneral/beml/BEM03
Berger Paints,http://www.moneycontrol.com/india/stockpricequote/paintsvarnishes/bergerpaintsindia/BPI02
BF Utilities,http://www.moneycontrol.com/india/stockpricequote/powergenerationdistribution/bfutilities/BFU
Bharat Elec,http://www.moneycontrol.com/india/stockpricequote/electricals/bharatelectronics/BE03
Bharat Fin,http://www.moneycontrol.com/india/stockpricequote/financegeneral/bharatfinancialinclusion/SM11
Bharat Forge,http://www.moneycontrol.com/india/stockpricequote/castingsforgings/bharatforge/BF03
Bharti Airtel,http://www.moneycontrol.com/india/stockpricequote/telecommunicationsservice/bhartiairtel/BA08
Bharti Infratel,http://www.moneycontrol.com/india/stockpricequote/telecommunicationsequipment/bhartiinfratel/BI14
BHEL,http://www.moneycontrol.com/india/stockpricequote/infrastructuregeneral/bharatheavyelectricals/BHE
Biocon,http://www.moneycontrol.com/india/stockpricequote/pharmaceuticals/biocon/BL03
Birla Corp,http://www.moneycontrol.com/india/stockpricequote/cementmajor/birlacorporation/BC07
Bliss GVS,http://www.moneycontrol.com/india/stockpricequote/pharmaceuticals/blissgvspharma/BGV
Blue Dart,http://www.moneycontrol.com/india/stockpricequote/couriers/bluedartexpress/BDE
Blue Star,http://www.moneycontrol.com/india/stockpricequote/consumergoodswhitegoods/bluestar/BS
Bombay Burmah,http://www.moneycontrol.com/india/stockpricequote/plantationsteacoffee/bombayburmahtradingcorporation/BBT
Bombay Dyeing,http://www.moneycontrol.com/india/stockpricequote/textilesprocessing/bombaydyeingmanufacturingcompany/BDM
Bosch,http://www.moneycontrol.com/india/stockpricequote/autoancillaries/bosch/B05
BPCL,http://www.moneycontrol.com/india/stockpricequote/refineries/bharatpetroleumcorporation/BPC
Britannia,http://www.moneycontrol.com/india/stockpricequote/foodprocessing/britanniaindustries/BI
Cadila Health,http://www.moneycontrol.com/india/stockpricequote/pharmaceuticals/cadilahealthcare/CHC
Can Fin Homes,http://www.moneycontrol.com/india/stockpricequote/financehousing/canfinhomes/CFH
Canara Bank,http://www.moneycontrol.com/india/stockpricequote/bankspublicsector/canarabank/CB06
Capital First,http://www.moneycontrol.com/india/stockpricequote/financegeneral/capitalfirst/FCH
Caplin Labs,http://www.moneycontrol.com/india/stockpricequote/pharmaceuticals/caplinpointlaboratories/CPL
Carborundum,http://www.moneycontrol.com/india/stockpricequote/abrasives/carborundumuniversal/CU
CARE,http://www.moneycontrol.com/india/stockpricequote/miscellaneous/creditanalysisresearch/CAR
Castrol,http://www.moneycontrol.com/india/stockpricequote/lubricants/castrolindia/CI01
CCL Products,http://www.moneycontrol.com/india/stockpricequote/plantationsteacoffee/cclproductsindia/CC10
Ceat,http://www.moneycontrol.com/india/stockpricequote/tyres/ceat/C07
Central Bank,http://www.moneycontrol.com/india/stockpricequote/bankspublicsector/centralbankindia/CBO01
Century,http://www.moneycontrol.com/india/stockpricequote/diversified/centurytextilesindustries/CTI
CenturyPlyboard,http://www.moneycontrol.com/india/stockpricequote/miscellaneous/centuryplyboards/CP9
Cera Sanitary,http://www.moneycontrol.com/india/stockpricequote/ceramicsgranite/cerasanitaryware/CS18
CESC,http://www.moneycontrol.com/india/stockpricequote/powergenerationdistribution/cesc/CES
CG Consumer,http://www.moneycontrol.com/india/stockpricequote/electricals/cromptongreavesconsumerelectrical/CGC01
CG Power,http://www.moneycontrol.com/india/stockpricequote/electricequipment/cgpowerindustrialsolutions/CG
Chambal Fert,http://www.moneycontrol.com/india/stockpricequote/fertilisers/chambalfertiliserschemicals/CFC
Chennai Petro,http://www.moneycontrol.com/india/stockpricequote/refineries/chennaipetroleumcorporation/CPC02
Cholamandalam,http://www.moneycontrol.com/india/stockpricequote/financeleasinghirepurchase/cholamandalaminvestmentfinancecompany/CDB
Cipla,http://www.moneycontrol.com/india/stockpricequote/pharmaceuticals/cipla/C
City Union Bank,http://www.moneycontrol.com/india/stockpricequote/banksprivatesector/cityunionbank/CUB
Coal India,http://www.moneycontrol.com/india/stockpricequote/miningminerals/coalindia/CI11
Coffee Day,http://www.moneycontrol.com/india/stockpricequote/foodprocessing/coffeedayenterprises/CDE
Colgate,http://www.moneycontrol.com/india/stockpricequote/personalcare/colgatepalmoliveindia/CPI
Container Corp,http://www.moneycontrol.com/india/stockpricequote/transportlogistics/containercorporationindia/CCI
Coromandel Int,http://www.moneycontrol.com/india/stockpricequote/fertilisers/coromandelinternational/CI45
Corporation Bk,http://www.moneycontrol.com/india/stockpricequote/bankspublicsector/corporationbank/CB
Cox & Kings,http://www.moneycontrol.com/india/stockpricequote/miscellaneous/coxkings/CK
CRISIL,http://www.moneycontrol.com/india/stockpricequote/miscellaneous/crisil/CRI
Cummins,http://www.moneycontrol.com/india/stockpricequote/engines/cumminsindia/CI02
Cyient,http://www.moneycontrol.com/india/stockpricequote/computerssoftware/cyient/IE07
Dabur India,http://www.moneycontrol.com/india/stockpricequote/personalcare/daburindia/DI
Dalmia Bharat,http://www.moneycontrol.com/india/stockpricequote/cementmajor/dalmiabharat/DBE
DB Corp,http://www.moneycontrol.com/india/stockpricequote/mediaentertainment/dbcorp/C13
DCB Bank,http://www.moneycontrol.com/india/stockpricequote/banksprivatesector/dcbbank/DCB01
DCM Shriram,http://www.moneycontrol.com/india/stockpricequote/diversified/dcmshriram/DCM02
Deepak Fert,http://www.moneycontrol.com/india/stockpricequote/fertilisers/deepakfertilizerspetrochemicalscoprn/DFP
Delta Corp,http://www.moneycontrol.com/india/stockpricequote/constructioncontractingrealestate/deltacorp/DC11
Den Networks,http://www.moneycontrol.com/india/stockpricequote/mediaentertainment/dennetworks/DN02
Dena Bank,http://www.moneycontrol.com/india/stockpricequote/bankspublicsector/denabank/DB
Dewan Housing,http://www.moneycontrol.com/india/stockpricequote/financehousing/dewanhousingfinancecorporation/DHF
Dhanuka Agritec,http://www.moneycontrol.com/india/stockpricequote/pesticidesagrochemicals/dhanukaagritech/DA01
Dilip Buildcon,http://www.moneycontrol.com/india/stockpricequote/constructioncontractingcivil/dilipbuildcon/DB04
Dish TV,http://www.moneycontrol.com/india/stockpricequote/mediaentertainment/dishtvindia/DTV
Divis Labs,http://www.moneycontrol.com/india/stockpricequote/pharmaceuticals/divislaboratories/DL03
DLF,http://www.moneycontrol.com/india/stockpricequote/constructioncontractingrealestate/dlf/D04
Dr Lal PathLab,http://www.moneycontrol.com/india/stockpricequote/pharmaceuticals/drlalpathlabs/DLP01
Dr Reddys Labs,http://www.moneycontrol.com/india/stockpricequote/pharmaceuticals/drreddyslaboratories/DRL
eClerx Services,http://www.moneycontrol.com/india/stockpricequote/computerssoftwaremediumsmall/eclerxservices/eS06
Edelweiss,http://www.moneycontrol.com/india/stockpricequote/financegeneral/edelweissfinancialservices/EC01
Eicher Motors,http://www.moneycontrol.com/india/stockpricequote/autolcvshcvs/eichermotors/EM
EID Parry,http://www.moneycontrol.com/india/stockpricequote/sugar/eidparryindia/EID
EIH,http://www.moneycontrol.com/india/stockpricequote/hotels/eih/EIH
Elgi Equipments,http://www.moneycontrol.com/india/stockpricequote/compressors/elgiequipments/EE01
Emami,http://www.moneycontrol.com/india/stockpricequote/personalcare/emami/E06
Endurance Techn,http://www.moneycontrol.com/india/stockpricequote/auto23wheelers/endurancetechnologies/ET01
EngineersInd,http://www.moneycontrol.com/india/stockpricequote/infrastructuregeneral/engineersindia/EI14
Ent Network Ind,http://www.moneycontrol.com/india/stockpricequote/mediaentertainment/entertainmentnetworkindia/ENI
Equitas Holding,http://www.moneycontrol.com/india/stockpricequote/financegeneral/equitasholdings/EH03
Eros Intl,http://www.moneycontrol.com/india/stockpricequote/mediaentertainment/erosinternationalmedia/EIM
Escorts,http://www.moneycontrol.com/india/stockpricequote/autotractors/escorts/E
Essel Propack,http://www.moneycontrol.com/india/stockpricequote/packaging/esselpropack/EP11
Eveready Ind,http://www.moneycontrol.com/india/stockpricequote/drycells/evereadyindustriesindia/EII02
Exide Ind,http://www.moneycontrol.com/india/stockpricequote/autoancillaries/exideindustries/EI
FDC,http://www.moneycontrol.com/india/stockpricequote/pharmaceuticals/fdc/FDC
Federal Bank,http://www.moneycontrol.com/india/stockpricequote/banksprivatesector/federalbank/FB
Finolex Cables,http://www.moneycontrol.com/india/stockpricequote/cablestelephone/finolexcables/FC01
Finolex Ind,http://www.moneycontrol.com/india/stockpricequote/petrochemicals/finolexindustries/FI
Firstsource Sol,http://www.moneycontrol.com/india/stockpricequote/computerssoftwaremediumsmall/firstsourcesolutions/FS07
Force Motors,http://www.moneycontrol.com/india/stockpricequote/autolcvshcvs/forcemotors/FM01
Fortis Health,http://www.moneycontrol.com/india/stockpricequote/hospitalsmedicalservices/fortishealthcare/FH
Future Consumer,http://www.moneycontrol.com/india/stockpricequote/foodprocessing/futureconsumer/FVI
Future Life,http://www.moneycontrol.com/india/stockpricequote/retail/futurelifestylefashions/FLF01
Future Retail,http://www.moneycontrol.com/india/stockpricequote/retail/futureretail/FR
GAIL,http://www.moneycontrol.com/india/stockpricequote/oildrillingandexploration/gailindia/GAI
Gateway Distri,http://www.moneycontrol.com/india/stockpricequote/miscellaneous/gatewaydistriparks/GD01
Gati,http://www.moneycontrol.com/india/stockpricequote/couriers/gati/G04
Gayatri Project,http://www.moneycontrol.com/india/stockpricequote/constructioncontractingcivil/gayatriprojects/GP10
GE Power India,http://www.moneycontrol.com/india/stockpricequote/powertransmissionequipment/gepowerindia/AP29
GE Shipping,http://www.moneycontrol.com/india/stockpricequote/shipping/greateasternshippingcompany/GES
GE T&D; India,http://www.moneycontrol.com/india/stockpricequote/powertransmissionequipment/getdindia/ATD
GIC Housing Fin,http://www.moneycontrol.com/india/stockpricequote/financehousing/gichousingfinance/GIC
Gillette India,http://www.moneycontrol.com/india/stockpricequote/personalcare/gilletteindia/GI22
GlaxoSmith Con,http://www.moneycontrol.com/india/stockpricequote/foodprocessing/glaxosmithklineconsumerhealthcare/GSC04
GlaxoSmithKline,http://www.moneycontrol.com/india/stockpricequote/pharmaceuticals/glaxosmithklinepharmaceuticals/GSK
Glenmark,http://www.moneycontrol.com/india/stockpricequote/pharmaceuticals/glenmarkpharma/GP08
GMR Infra,http://www.moneycontrol.com/india/stockpricequote/infrastructuregeneral/gmrinfrastructure/GI27
GNFC,http://www.moneycontrol.com/india/stockpricequote/fertilisers/gujaratnarmadavalleyfertilizerschemicals/GNV
Godfrey Phillip,http://www.moneycontrol.com/india/stockpricequote/cigarettes/godfreyphillipsindia/GPI
Godrej Consumer,http://www.moneycontrol.com/india/stockpricequote/personalcare/godrejconsumerproducts/GCP
Godrej Ind,http://www.moneycontrol.com/india/stockpricequote/personalcare/godrejindustries/GI23
Godrej Prop,http://www.moneycontrol.com/india/stockpricequote/constructioncontractingrealestate/godrejproperties/GP11
Granules India,http://www.moneycontrol.com/india/stockpricequote/pharmaceuticals/granulesindia/GI25
Grasim,http://www.moneycontrol.com/india/stockpricequote/diversified/grasimindustries/GI01
Greaves Cotton,http://www.moneycontrol.com/india/stockpricequote/engines/greavescotton/GC20
Greenply Ind,http://www.moneycontrol.com/india/stockpricequote/miscellaneous/greenplyindustries/GI19
Grindwell Norto,http://www.moneycontrol.com/india/stockpricequote/abrasives/grindwellnorton/GN
GRUH Finance,http://www.moneycontrol.com/india/stockpricequote/financehousing/gruhfinance/GRU
GSFC,http://www.moneycontrol.com/india/stockpricequote/fertilisers/gujaratstatefertilizerschemicals/GSF
Guj Alkali,http://www.moneycontrol.com/india/stockpricequote/chemicals/gujaratalkalieschemicals/GAC01
Guj Flourochem,http://www.moneycontrol.com/india/stockpricequote/chemicals/gujaratfluorochemicals/GF07
Guj Heavy Chem,http://www.moneycontrol.com/india/stockpricequote/chemicals/gujaratheavychemicals/GHC
Guj Mineral,http://www.moneycontrol.com/india/stockpricequote/miningminerals/gujaratmineraldevelopmentcorporation/GMD
Guj State Petro,http://www.moneycontrol.com/india/stockpricequote/oildrillingandexploration/gujaratstatepetronet/GSP02
Gujarat Gas,http://www.moneycontrol.com/india/stockpricequote/oildrillingandexploration/gujaratgas/GGC
Gujarat Pipavav,http://www.moneycontrol.com/india/stockpricequote/shipping/gujaratpipavavport/GPP03
Gulf Oil Lubric,http://www.moneycontrol.com/india/stockpricequote/lubricants/gulfoillubricantsindia/GOL01
Hathway Cable,http://www.moneycontrol.com/india/stockpricequote/mediaentertainment/hathwaycabledatacom/HCD
Hatsun Agro,http://www.moneycontrol.com/india/stockpricequote/foodprocessing/hatsunagroproducts/HAP
Havells India,http://www.moneycontrol.com/india/stockpricequote/electricequipment/havellsindia/HI01
HCL Info,http://www.moneycontrol.com/india/stockpricequote/computershardware/hclinfosystems/HCL
HCL Tech,http://www.moneycontrol.com/india/stockpricequote/computerssoftware/hcltechnologies/HCL02
HDFC,http://www.moneycontrol.com/india/stockpricequote/financehousing/housingdevelopmentfinancecorporation/HDF
HDFC Bank,http://www.moneycontrol.com/india/stockpricequote/banksprivatesector/hdfcbank/HDF01
HDIL,http://www.moneycontrol.com/india/stockpricequote/constructioncontractingrealestate/housingdevelopmentinfrastructure/HDI
Heidelberg Cem,http://www.moneycontrol.com/india/stockpricequote/cementmajor/heidelbergcementindia/HCI02
Heritage Foods,http://www.moneycontrol.com/india/stockpricequote/foodprocessing/heritagefoods/HFI
Hero Motocorp,http://www.moneycontrol.com/india/stockpricequote/auto23wheelers/heromotocorp/HHM
Hexaware Tech,http://www.moneycontrol.com/india/stockpricequote/computerssoftware/hexawaretechnologies/HT02
HFCL,http://www.moneycontrol.com/india/stockpricequote/telecommunicationsequipment/himachalfuturisticcommunication/HFC
Himatsingka Sei,http://www.moneycontrol.com/india/stockpricequote/textilessyntheticsilk/himatsingkaseide/HS
Hind Constr,http://www.moneycontrol.com/india/stockpricequote/constructioncontractingcivil/hindustanconstructioncompany/HCC
Hind Copper,http://www.moneycontrol.com/india/stockpricequote/metalsnonferrous/hindustancopper/HC07
Hind Zinc,http://www.moneycontrol.com/india/stockpricequote/metalsnonferrous/hindustanzinc/HZ
Hindalco,http://www.moneycontrol.com/india/stockpricequote/aluminium/hindalcoindustries/HI
Honeywell Autom,http://www.moneycontrol.com/india/stockpricequote/telecommunicationsequipment/honeywellautomation/HA04
HPCL,http://www.moneycontrol.com/india/stockpricequote/refineries/hindustanpetroleumcorporation/HPC
HSIL,http://www.moneycontrol.com/india/stockpricequote/ceramicsgranite/hsil/HSI02
HUL,http://www.moneycontrol.com/india/stockpricequote/personalcare/hindustanunilever/HU
ICICI Bank,http://www.moneycontrol.com/india/stockpricequote/banksprivatesector/icicibank/ICI02
ICICI Prudentia,http://www.moneycontrol.com/india/stockpricequote/financegeneral/iciciprudentiallifeinsurancecompany/IPL01
ICRA,http://www.moneycontrol.com/india/stockpricequote/miscellaneous/icra/ICR
IDBI Bank,http://www.moneycontrol.com/india/stockpricequote/bankspublicsector/idbibank/IDB05
Idea Cellular,http://www.moneycontrol.com/india/stockpricequote/telecommunicationsservice/ideacellular/IC8
IDFC,http://www.moneycontrol.com/india/stockpricequote/financetermlendinginstitutions/idfc/IDF
IDFC Bank,http://www.moneycontrol.com/india/stockpricequote/banksprivatesector/idfcbank/IDF01
IFCI,http://www.moneycontrol.com/india/stockpricequote/financetermlendinginstitutions/ifci/IFC02
IGL,http://www.moneycontrol.com/india/stockpricequote/oildrillingandexploration/indraprasthagas/IG04
IIFL Holdings,http://www.moneycontrol.com/india/stockpricequote/financegeneral/iiflholdings/II15
ILandFS Trans,http://www.moneycontrol.com/india/stockpricequote/infrastructuregeneral/ilandfstransportationnetworks/ITN
India Cements,http://www.moneycontrol.com/india/stockpricequote/cementmajor/indiacements/IC
Indiabulls Hsg,http://www.moneycontrol.com/india/stockpricequote/financehousing/indiabullshousingfinance/IHF01
Indiabulls Real,http://www.moneycontrol.com/india/stockpricequote/constructioncontractingrealestate/indiabullsrealestate/IRE01
Indiabulls Vent,http://www.moneycontrol.com/india/stockpricequote/financeinvestments/indiabullsventures/IS13
Indian Bank,http://www.moneycontrol.com/india/stockpricequote/bankspublicsector/indianbank/IB04
Indian Hotels,http://www.moneycontrol.com/india/stockpricequote/hotels/indianhotelscompany/IHC
Indo Count,http://www.moneycontrol.com/india/stockpricequote/textilesspinningcottonblended/indocountindustries/ICI07
Indoco Remedies,http://www.moneycontrol.com/india/stockpricequote/pharmaceuticals/indocoremedies/IR05
IndusInd Bank,http://www.moneycontrol.com/india/stockpricequote/banksprivatesector/indusindbank/IIB
Infibeam Incorp,http://www.moneycontrol.com/india/stockpricequote/miscellaneous/infibeamincorporation/IIL03
Info Edge,http://www.moneycontrol.com/india/stockpricequote/miscellaneous/infoedgeindia/IEI01
Infosys,http://www.moneycontrol.com/india/stockpricequote/computerssoftware/infosys/IT
Ingersoll Rand,http://www.moneycontrol.com/india/stockpricequote/compressors/ingersollrandindia/IRI01
INOX Leisure,http://www.moneycontrol.com/india/stockpricequote/mediaentertainment/inoxleisure/INO01
Inox Wind,http://www.moneycontrol.com/india/stockpricequote/powergenerationdistribution/inoxwind/IW
Intellect Desig,http://www.moneycontrol.com/india/stockpricequote/computerssoftware/intellectdesignarena/IDA
Interglobe Avi,http://www.moneycontrol.com/india/stockpricequote/transportlogistics/interglobeaviation/IA04
IOB,http://www.moneycontrol.com/india/stockpricequote/bankspublicsector/indianoverseasbank/IOB
IOC,http://www.moneycontrol.com/india/stockpricequote/refineries/indianoilcorporation/IOC
Ipca Labs,http://www.moneycontrol.com/india/stockpricequote/pharmaceuticals/ipcalaboratories/IL
IRB Infra,http://www.moneycontrol.com/india/stockpricequote/infrastructuregeneral/irbinfrastructuredevelopers/IID01
ISGEC Heavy Eng,http://www.moneycontrol.com/india/stockpricequote/engineeringheavy/isgecheavyengineering/SIS06
ITC,http://www.moneycontrol.com/india/stockpricequote/cigarettes/itc/ITC
ITD Cementation,http://www.moneycontrol.com/india/stockpricequote/constructioncontractingcivil/itdcementationindia/ITD03
J Kumar Infra,http://www.moneycontrol.com/india/stockpricequote/constructioncontractingcivil/jkumarinfraprojects/KI01
J. K. Cement,http://www.moneycontrol.com/india/stockpricequote/cementmajor/jkcement/JKC03
JagranPrakashan,http://www.moneycontrol.com/india/stockpricequote/mediaentertainment/jagranprakashan/JP12
Jai Corp,http://www.moneycontrol.com/india/stockpricequote/steelgpgcsheets/jaicorp/JC08
Jain Irrigation,http://www.moneycontrol.com/india/stockpricequote/plastics/jainirrigationsystems/JIS02
Jaiprakash Asso,http://www.moneycontrol.com/india/stockpricequote/infrastructuregeneral/jaiprakashassociates/JA02
JB Chemicals,http://www.moneycontrol.com/india/stockpricequote/pharmaceuticals/jbchemicalspharmaceuticals/JBC01
JBF Industries,http://www.moneycontrol.com/india/stockpricequote/textilesmanmade/jbfindustries/JBF
Jet Airways,http://www.moneycontrol.com/india/stockpricequote/transportlogistics/jetairways/JA01
Jindal (Hisar),http://www.moneycontrol.com/india/stockpricequote/steellarge/jindalstainlesshisar/JSH
Jindal PolyFilm,http://www.moneycontrol.com/india/stockpricequote/packaging/jindalpolyfilms/JPF01
Jindal Saw,http://www.moneycontrol.com/india/stockpricequote/steeltubespipes/jindalsaw/JS08
Jindal Steel,http://www.moneycontrol.com/india/stockpricequote/steelspongeiron/jindalsteelpower/JSP
JK Bank,http://www.moneycontrol.com/india/stockpricequote/banksprivatesector/jammukashmirbank/JKB
JK Lakshmi Cem,http://www.moneycontrol.com/india/stockpricequote/cementmajor/jklakshmicement/JKL01
JK Tyre & Ind,http://www.moneycontrol.com/india/stockpricequote/tyres/jktyreindustries/JKT01
JM Financial,http://www.moneycontrol.com/india/stockpricequote/financeinvestments/jmfinancial/JMF
Johnson Control,http://www.moneycontrol.com/india/stockpricequote/consumergoodswhitegoods/johnsoncontrolshitachiairconditioningindia/HHL
JSW Energy,http://www.moneycontrol.com/india/stockpricequote/powergenerationdistribution/jswenergy/JE01
JSW Steel,http://www.moneycontrol.com/india/stockpricequote/steellarge/jswsteel/JSW01
Jubilant Food,http://www.moneycontrol.com/india/stockpricequote/miscellaneous/jubilantfoodworks/JF04
Jubilant Life,http://www.moneycontrol.com/india/stockpricequote/pharmaceuticals/jubilantlifesciences/JO03
Just Dial,http://www.moneycontrol.com/india/stockpricequote/miscellaneous/justdial/JD
Jyothy Labs,http://www.moneycontrol.com/india/stockpricequote/personalcare/jyothylaboratories/JL
Kajaria Ceramic,http://www.moneycontrol.com/india/stockpricequote/ceramicsgranite/kajariaceramics/KC06
Kalpataru Power,http://www.moneycontrol.com/india/stockpricequote/powertransmissionequipment/kalpatarupowertransmission/KPT
Kansai Nerolac,http://www.moneycontrol.com/india/stockpricequote/paintsvarnishes/kansainerolacpaints/KNP
Karnataka Bank,http://www.moneycontrol.com/india/stockpricequote/banksprivatesector/karnatakabank/KB04
Kaveri Seed,http://www.moneycontrol.com/india/stockpricequote/miscellaneous/kaveriseedcompany/KSC01
KEC Intl,http://www.moneycontrol.com/india/stockpricequote/powertransmissionequipment/kecinternational/KEC04
Kesoram,http://www.moneycontrol.com/india/stockpricequote/diversified/kesoramindustries/KI08
Kirloskar Oil,http://www.moneycontrol.com/india/stockpricequote/engines/kirloskaroilengines/KOE03
Kitex Garments,http://www.moneycontrol.com/india/stockpricequote/textilesreadymadeapparels/kitexgarments/KG01
Kotak Mahindra,http://www.moneycontrol.com/india/stockpricequote/banksprivatesector/kotakmahindrabank/KMB
KPIT Tech,http://www.moneycontrol.com/india/stockpricequote/computerssoftwaremediumsmall/kpittechnologies/KPI02
KPR Mill,http://www.moneycontrol.com/india/stockpricequote/textilesreadymadeapparels/kprmill/M15
KRBL,http://www.moneycontrol.com/india/stockpricequote/foodprocessing/krbl/KRB01
Kwality,http://www.moneycontrol.com/india/stockpricequote/foodprocessing/kwality/KDI01
L&T; Finance,http://www.moneycontrol.com/india/stockpricequote/financeinvestments/ltfinanceholdings/LFH
L&T; Infotech,http://www.moneycontrol.com/india/stockpricequote/computerssoftware/larsentoubroinfotech/LI12
L&T; Technology,http://www.moneycontrol.com/india/stockpricequote/computerssoftwaremediumsmall/lttechnologyservices/LTS
La Opala RG,http://www.moneycontrol.com/india/stockpricequote/glassglassproducts/laopalarg/LOR
Lakshmi Machine,http://www.moneycontrol.com/india/stockpricequote/textilesmachinery/lakshmimachineworks/LMW
Lakshmi Vilas,http://www.moneycontrol.com/india/stockpricequote/banksprivatesector/lakshmivilasbank/LVB
Larsen,http://www.moneycontrol.com/india/stockpricequote/infrastructuregeneral/larsentoubro/LT
Laurus Labs,http://www.moneycontrol.com/india/stockpricequote/pharmaceuticals/lauruslabs/LL05
LIC Housing Fin,http://www.moneycontrol.com/india/stockpricequote/financehousing/lichousingfinance/LIC
Linde India,http://www.moneycontrol.com/india/stockpricequote/chemicals/lindeindia/BOC
Lupin,http://www.moneycontrol.com/india/stockpricequote/pharmaceuticals/lupin/L
M&M;,http://www.moneycontrol.com/india/stockpricequote/autocarsjeeps/mahindramahindra/MM
M&M; Financial,http://www.moneycontrol.com/india/stockpricequote/financeleasinghirepurchase/mahindramahindrafinancialservices/MMF04
Magma Fincorp,http://www.moneycontrol.com/india/stockpricequote/financeleasinghirepurchase/magmafincorp/MF20
Mahanagar Gas,http://www.moneycontrol.com/india/stockpricequote/refineries/mahanagargas/MG02
Mahindra CIE,http://www.moneycontrol.com/india/stockpricequote/castingsforgings/mahindracieautomotive/MF19
Mahindra Holida,http://www.moneycontrol.com/india/stockpricequote/hotels/mahindraholidaysresortsindia/MHR
Mahindra Life,http://www.moneycontrol.com/india/stockpricequote/constructioncontractingcivil/mahindralifespacedevelopers/MLD
Manappuram Fin,http://www.moneycontrol.com/india/stockpricequote/financeleasinghirepurchase/manappuramfinance/MGF01
Manpasand Bever,http://www.moneycontrol.com/india/stockpricequote/foodprocessing/manpasandbeverages/MB04
Marico,http://www.moneycontrol.com/india/stockpricequote/personalcare/marico/M13
Marksans Pharma,http://www.moneycontrol.com/india/stockpricequote/pharmaceuticals/marksanspharma/MP21
Maruti Suzuki,http://www.moneycontrol.com/india/stockpricequote/autocarsjeeps/marutisuzukiindia/MS24
Max Financial,http://www.moneycontrol.com/india/stockpricequote/financeinvestments/maxfinancialservices/MI
Max India,http://www.moneycontrol.com/india/stockpricequote/miscellaneous/maxindia/MIL16
Mcleod,http://www.moneycontrol.com/india/stockpricequote/plantationsteacoffee/mcleodrusselindia/MRI02
MCX India,http://www.moneycontrol.com/india/stockpricequote/miscellaneous/multicommodityexchangeindia/MCE
Minda Ind,http://www.moneycontrol.com/india/stockpricequote/autoancillaries/mindaindustries/MI4
Mindtree,http://www.moneycontrol.com/india/stockpricequote/computerssoftware/mindtree/MT13
MMTC Ltd,http://www.moneycontrol.com/india/stockpricequote/trading/mmtc/MMT
MOIL,http://www.moneycontrol.com/india/stockpricequote/miningminerals/moil/M18
Monsanto India,http://www.moneycontrol.com/india/stockpricequote/pesticidesagrochemicals/monsantoindia/MI39
Motherson Sumi,http://www.moneycontrol.com/india/stockpricequote/autoancillaries/mothersonsumisystems/MSS01
Motilal Oswal,http://www.moneycontrol.com/india/stockpricequote/financegeneral/motilaloswalfinancialservices/MOF01
MphasiS,http://www.moneycontrol.com/india/stockpricequote/computerssoftware/mphasis/MB02
MRF,http://www.moneycontrol.com/india/stockpricequote/tyres/mrf/MRF
MRPL,http://www.moneycontrol.com/india/stockpricequote/refineries/mangalorerefinerypetrochemicals/MRP
MTNL,http://www.moneycontrol.com/india/stockpricequote/telecommunicationsservice/mahanagartelephonenigam/MTN
Muthoot Finance,http://www.moneycontrol.com/india/stockpricequote/financeinvestments/muthootfinance/MF10
NALCO,http://www.moneycontrol.com/india/stockpricequote/aluminium/nationalaluminiumcompany/NAC
Narayana Hruda,http://www.moneycontrol.com/india/stockpricequote/hospitalsmedicalservices/narayanahrudayalaya/NH
Natco Pharma,http://www.moneycontrol.com/india/stockpricequote/pharmaceuticals/natcopharma/NP07
Nava Bharat Ven,http://www.moneycontrol.com/india/stockpricequote/diversified/navabharatventures/NBV
Navin Fluorine,http://www.moneycontrol.com/india/stockpricequote/chemicals/navinfluorineinternational/NFI
Navkar Corp,http://www.moneycontrol.com/india/stockpricequote/transportlogistics/navkarcorporation/NC02
Navneet,http://www.moneycontrol.com/india/stockpricequote/printingstationery/navneeteducation/NP01
NBCC (India),http://www.moneycontrol.com/india/stockpricequote/infrastructuregeneral/nbccindia/NBC01
NCC,http://www.moneycontrol.com/india/stockpricequote/constructioncontractingcivil/ncc/NCC01
Nestle,http://www.moneycontrol.com/india/stockpricequote/foodprocessing/nestleindia/NI
Network 18,http://www.moneycontrol.com/india/stockpricequote/financegeneral/network18mediainvestments/NMI
NHPC,http://www.moneycontrol.com/india/stockpricequote/powergenerationdistribution/nhpc/N07
NIIT,http://www.moneycontrol.com/india/stockpricequote/computerssoftwaretraining/niit/NII
NIIT Tech,http://www.moneycontrol.com/india/stockpricequote/computerssoftware/niittechnologies/NII02
Nilkamal,http://www.moneycontrol.com/india/stockpricequote/plastics/nilkamal/NP08
NLC India,http://www.moneycontrol.com/india/stockpricequote/powergenerationdistribution/nlcindia/NLC
NMDC,http://www.moneycontrol.com/india/stockpricequote/miningminerals/nmdc/NMD02
NTPC,http://www.moneycontrol.com/india/stockpricequote/powergenerationdistribution/ntpc/NTP
Oberoi Realty,http://www.moneycontrol.com/india/stockpricequote/constructioncontractingrealestate/oberoirealty/OR
OCL India,http://www.moneycontrol.com/india/stockpricequote/cementmajor/oclindia/OCL
Oil India,http://www.moneycontrol.com/india/stockpricequote/oildrillingandexploration/oilindia/OI13
Omaxe,http://www.moneycontrol.com/india/stockpricequote/constructioncontractingrealestate/omaxe/O02
ONGC,http://www.moneycontrol.com/india/stockpricequote/oildrillingandexploration/oilnaturalgascorporation/ONG
Oracle Fin Serv,http://www.moneycontrol.com/india/stockpricequote/computerssoftware/oraclefinancialservicessoftware/OFS01
Orient Cement,http://www.moneycontrol.com/india/stockpricequote/cementmajor/orientcement/OC10
Oriental Bank,http://www.moneycontrol.com/india/stockpricequote/bankspublicsector/orientalbankcommerce/OBC
P and G,http://www.moneycontrol.com/india/stockpricequote/personalcare/proctergamblehygienehealthcare/PGH
Page Industries,http://www.moneycontrol.com/india/stockpricequote/textilesreadymadeapparels/pageindustries/PI35
Parag Milk Food,http://www.moneycontrol.com/india/stockpricequote/foodprocessing/paragmilkfoods/PMF01
PC Jeweller,http://www.moneycontrol.com/india/stockpricequote/diamondcuttingjewellerypreciousmetals/pcjeweller/PJ
Persistent,http://www.moneycontrol.com/india/stockpricequote/computerssoftware/persistentsystems/PS15
Petronet LNG,http://www.moneycontrol.com/india/stockpricequote/oildrillingandexploration/petronetlng/PLN
Pfizer,http://www.moneycontrol.com/india/stockpricequote/pharmaceuticals/pfizer/P
Phoenix Mills,http://www.moneycontrol.com/india/stockpricequote/constructioncontractingrealestate/phoenixmills/PM02
PI Industries,http://www.moneycontrol.com/india/stockpricequote/pesticidesagrochemicals/piindustries/PII
Pidilite Ind,http://www.moneycontrol.com/india/stockpricequote/chemicals/pidiliteindustries/PI11
Piramal Enter,http://www.moneycontrol.com/india/stockpricequote/pharmaceuticals/piramalenterprises/PH05
PNB,http://www.moneycontrol.com/india/stockpricequote/bankspublicsector/punjabnationalbank/PNB05
PNB Housing Fin,http://www.moneycontrol.com/india/stockpricequote/financehousing/pnbhousingfinance/PHF
PNC Infratech,http://www.moneycontrol.com/india/stockpricequote/constructioncontractingrealestate/pncinfratech/PI26
Polaris Consult,http://www.moneycontrol.com/india/stockpricequote/computerssoftware/polarisconsultingservices/PSL01
Power Finance,http://www.moneycontrol.com/india/stockpricequote/financetermlendinginstitutions/powerfinancecorporation/PFC02
Power Grid Corp,http://www.moneycontrol.com/india/stockpricequote/powergenerationdistribution/powergridcorporationindia/PGC
Praj Industries,http://www.moneycontrol.com/india/stockpricequote/engineeringheavy/prajindustries/PI17
Prestige Estate,http://www.moneycontrol.com/india/stockpricequote/constructioncontractingrealestate/prestigeestatesprojects/PEP02
Prism Cement,http://www.moneycontrol.com/india/stockpricequote/cementmajor/prismjohnson/PC
PTC India,http://www.moneycontrol.com/india/stockpricequote/trading/ptcindia/PTC02
PTC India Fin,http://www.moneycontrol.com/india/stockpricequote/financetermlendinginstitutions/ptcindiafinancialservices/PIF02
PVR,http://www.moneycontrol.com/india/stockpricequote/mediaentertainment/pvr/PVR
Radico Khaitan,http://www.moneycontrol.com/india/stockpricequote/breweriesdistilleries/radicokhaitan/RK01
Rain Industries,http://www.moneycontrol.com/india/stockpricequote/cementmajor/rainindustries/RC12
Rajesh Exports,http://www.moneycontrol.com/india/stockpricequote/diamondcuttingjewellerypreciousmetals/rajeshexports/RE07
Rallis India,http://www.moneycontrol.com/india/stockpricequote/pesticidesagrochemicals/rallisindia/RI03
Ramco Cements,http://www.moneycontrol.com/india/stockpricequote/cementmajor/theramcocements/MC
Rashtriya Chem,http://www.moneycontrol.com/india/stockpricequote/fertilisers/rashtriyachemicalsfertilisers/RCF01
Ratnamani Metal,http://www.moneycontrol.com/india/stockpricequote/steeltubespipes/ratnamanimetalstubes/RMT
Rattan Power,http://www.moneycontrol.com/india/stockpricequote/powergenerationdistribution/rattanindiapower/IP09
Raymond,http://www.moneycontrol.com/india/stockpricequote/textileswoollenworsted/raymond/R
RBL Bank,http://www.moneycontrol.com/india/stockpricequote/banksprivatesector/rblbank/RB03
REC,http://www.moneycontrol.com/india/stockpricequote/financetermlendinginstitutions/ruralelectrificationcorporation/REC02
Redington,http://www.moneycontrol.com/india/stockpricequote/computershardware/redingtonindia/RI37
Rel Capital,http://www.moneycontrol.com/india/stockpricequote/financeinvestments/reliancecapital/RC
Relaxo Footwear,http://www.moneycontrol.com/india/stockpricequote/leatherproducts/relaxofootwears/RF07
Reliance,http://www.moneycontrol.com/india/stockpricequote/refineries/relianceindustries/RI
Reliance Comm,http://www.moneycontrol.com/india/stockpricequote/telecommunicationsservice/reliancecommunications/RC13
Reliance Infra,http://www.moneycontrol.com/india/stockpricequote/powergenerationdistribution/relianceinfrastructure/RI38
Reliance Naval,http://www.moneycontrol.com/india/stockpricequote/shipping/reliancenavalengineering/PS04
Reliance Power,http://www.moneycontrol.com/india/stockpricequote/powergenerationdistribution/reliancepower/RP
Religare Enterp,http://www.moneycontrol.com/india/stockpricequote/financeinvestments/religareenterprises/RE09
Repco Home,http://www.moneycontrol.com/india/stockpricequote/financehousing/repcohomefinance/RHF
Rolta,http://www.moneycontrol.com/india/stockpricequote/computerssoftware/roltaindia/RI15
S H Kelkar,http://www.moneycontrol.com/india/stockpricequote/chemicals/shkelkarcompany/KC17
Sadbhav Engg,http://www.moneycontrol.com/india/stockpricequote/infrastructuregeneral/sadbhavengineering/SE19
SAIL,http://www.moneycontrol.com/india/stockpricequote/steellarge/steelauthorityindia/SAI
Sanofi India,http://www.moneycontrol.com/india/stockpricequote/pharmaceuticals/sanofiindia/AP26
SBI,http://www.moneycontrol.com/india/stockpricequote/bankspublicsector/statebankindia/SBI
Schaeffler Ind,http://www.moneycontrol.com/india/stockpricequote/bearings/schaefflerindia/FAG
Schneider Infra,http://www.moneycontrol.com/india/stockpricequote/powergenerationdistribution/schneiderelectricinfrastructure/SEI04
Sequent Scienti,http://www.moneycontrol.com/india/stockpricequote/pharmaceuticals/sequentscientific/PID01
Sharda Crop,http://www.moneycontrol.com/india/stockpricequote/pesticidesagrochemicals/shardacropchem/SC04
Sheela Foam,http://www.moneycontrol.com/india/stockpricequote/miscellaneous/sheelafoam/SF14
Shilpa,http://www.moneycontrol.com/india/stockpricequote/pharmaceuticals/shilpamedicare/SM19
Shipping Corp,http://www.moneycontrol.com/india/stockpricequote/shipping/shippingcorporationindia/SCI
Shoppers Stop,http://www.moneycontrol.com/india/stockpricequote/retail/shoppersstop/SS51
Shree Cements,http://www.moneycontrol.com/india/stockpricequote/cementmajor/shreecements/SC12
Shree Renuka,http://www.moneycontrol.com/india/stockpricequote/sugar/shreerenukasugars/SRS03
Shriram City,http://www.moneycontrol.com/india/stockpricequote/financeleasinghirepurchase/shriramcityunionfinance/SCU
Shriram Trans,http://www.moneycontrol.com/india/stockpricequote/financeleasinghirepurchase/shriramtransportfinancecorporation/STF
Siemens,http://www.moneycontrol.com/india/stockpricequote/infrastructuregeneral/siemens/S
Siti Networks,http://www.moneycontrol.com/india/stockpricequote/mediaentertainment/sitinetworks/WWI
SJVN,http://www.moneycontrol.com/india/stockpricequote/powergenerationdistribution/sjvn/S11
SKF India,http://www.moneycontrol.com/india/stockpricequote/bearings/skfindia/SKF01
SML Isuzu,http://www.moneycontrol.com/india/stockpricequote/autolcvshcvs/smlisuzu/SM
Sobha,http://www.moneycontrol.com/india/stockpricequote/constructioncontractingrealestate/sobha/SD6
Solar Ind,http://www.moneycontrol.com/india/stockpricequote/chemicals/solarindustriesindia/SII04
Somany Ceramics,http://www.moneycontrol.com/india/stockpricequote/ceramicsgranite/somanyceramics/SC49
Sonata,http://www.moneycontrol.com/india/stockpricequote/computerssoftwaremediumsmall/sonatasoftware/SS42
South Ind Bk,http://www.moneycontrol.com/india/stockpricequote/banksprivatesector/southindianbank/SIB
SpiceJet,http://www.moneycontrol.com/india/stockpricequote/transportlogistics/spicejet/SJ01
SREI Infra,http://www.moneycontrol.com/india/stockpricequote/financeleasinghirepurchase/sreiinfrastructurefinance/SRE02
SRF,http://www.moneycontrol.com/india/stockpricequote/textilesmanmade/srf/SRF
Sterlite Techno,http://www.moneycontrol.com/india/stockpricequote/cablestelephone/sterlitetechnologies/ST20
Strides Shasun,http://www.moneycontrol.com/india/stockpricequote/pharmaceuticals/stridesshasun/SA10
Sudarshan Chem,http://www.moneycontrol.com/india/stockpricequote/dyespigments/sudarshanchemicalindustries/SCI08
Sun Pharma,http://www.moneycontrol.com/india/stockpricequote/pharmaceuticals/sunpharmaceuticalindustries/SPI
Sun Pharma Adv,http://www.moneycontrol.com/india/stockpricequote/pharmaceuticals/sunpharmaadvancedresearchcompany/SPA
Sun TV Network,http://www.moneycontrol.com/india/stockpricequote/mediaentertainment/suntvnetwork/STN01
Sundram,http://www.moneycontrol.com/india/stockpricequote/fasteners/sundramfasteners/SF23
Sunteck Realty,http://www.moneycontrol.com/india/stockpricequote/constructioncontractingrealestate/sunteckrealty/SR05
Supreme Ind,http://www.moneycontrol.com/india/stockpricequote/plastics/supremeindustries/SI48
Suven Life Sci,http://www.moneycontrol.com/india/stockpricequote/pharmaceuticals/suvenlifesciences/SLS01
Suzlon Energy,http://www.moneycontrol.com/india/stockpricequote/powergenerationdistribution/suzlonenergy/SE17
Swan Energy,http://www.moneycontrol.com/india/stockpricequote/trading/swanenergy/SM09
Symphony,http://www.moneycontrol.com/india/stockpricequote/consumergoodswhitegoods/symphony/SCS04
Syndicate Bank,http://www.moneycontrol.com/india/stockpricequote/bankspublicsector/syndicatebank/SB9
Syngene Intl,http://www.moneycontrol.com/india/stockpricequote/miscellaneous/syngeneinternational/SI10
Take Solutions,http://www.moneycontrol.com/india/stockpricequote/computerssoftwaremediumsmall/takesolutions/TS09
Tamil Newsprint,http://www.moneycontrol.com/india/stockpricequote/paper/tamilnadunewsprintpapers/TNN
Tata Chemicals,http://www.moneycontrol.com/india/stockpricequote/chemicals/tatachemicals/TC
Tata Coffee,http://www.moneycontrol.com/india/stockpricequote/plantationsteacoffee/tatacoffee/TC14
Tata Comm,http://www.moneycontrol.com/india/stockpricequote/telecommunicationsservice/tatacommunications/TC17
Tata Elxsi,http://www.moneycontrol.com/india/stockpricequote/computerssoftware/tataelxsi/TE
Tata Global Bev,http://www.moneycontrol.com/india/stockpricequote/plantationsteacoffee/tataglobalbeverage/TT
Tata Inv Corp,http://www.moneycontrol.com/india/stockpricequote/financeinvestments/tatainvestmentcorporation/TIC
Tata Motors,http://www.moneycontrol.com/india/stockpricequote/autolcvshcvs/tatamotors/TM03
Tata Motors (D),http://www.moneycontrol.com/india/stockpricequote/autolcvshcvs/tatamotorsdvr/TMD
Tata Power,http://www.moneycontrol.com/india/stockpricequote/powergenerationdistribution/tatapowercompany/TPC
Tata Sponge,http://www.moneycontrol.com/india/stockpricequote/steelspongeiron/tataspongeiron/TSI
Tata Steel,http://www.moneycontrol.com/india/stockpricequote/steellarge/tatasteel/TIS
TCS,http://www.moneycontrol.com/india/stockpricequote/computerssoftware/tataconsultancyservices/TCS
Tech Mahindra,http://www.moneycontrol.com/india/stockpricequote/computerssoftware/techmahindra/TM4
Techno Electric,http://www.moneycontrol.com/india/stockpricequote/electricequipment/technoelectricengineeringcompany/TEE
Texmaco Rail,http://www.moneycontrol.com/india/stockpricequote/infrastructuregeneral/texmacorailengineering/TRE
Thermax,http://www.moneycontrol.com/india/stockpricequote/infrastructuregeneral/thermax/T
Thomas Cook,http://www.moneycontrol.com/india/stockpricequote/miscellaneous/thomascookindia/TCI
Thyrocare Techn,http://www.moneycontrol.com/india/stockpricequote/hospitalsmedicalservices/thyrocaretechnologies/TT16
TI Financial,http://www.moneycontrol.com/india/stockpricequote/miscellaneous/tifinancialholdings/TII
Timken,http://www.moneycontrol.com/india/stockpricequote/bearings/timkenindia/TI23
Titagarh Wagons,http://www.moneycontrol.com/india/stockpricequote/infrastructuregeneral/titagarhwagons/TW04
Titan Company,http://www.moneycontrol.com/india/stockpricequote/miscellaneous/titancompany/TI01
Torrent Pharma,http://www.moneycontrol.com/india/stockpricequote/pharmaceuticals/torrentpharmaceuticals/TP06
Torrent Power,http://www.moneycontrol.com/india/stockpricequote/powergenerationdistribution/torrentpower/TP14
Trent,http://www.moneycontrol.com/india/stockpricequote/retail/trent/T04
Trident,http://www.moneycontrol.com/india/stockpricequote/textilesspinningcottonblended/trident/AI01
Triveni Turbine,http://www.moneycontrol.com/india/stockpricequote/electricequipment/triveniturbine/TT14
TTK Prestige,http://www.moneycontrol.com/india/stockpricequote/domesticappliances/ttkprestige/TTK02
TV TodayNetwork,http://www.moneycontrol.com/india/stockpricequote/mediaentertainment/tvtodaynetwork/TVT
TV18 Broadcast,http://www.moneycontrol.com/india/stockpricequote/mediaentertainment/tv18broadcast/IBN
TVS Motor,http://www.moneycontrol.com/india/stockpricequote/auto23wheelers/tvsmotorcompany/TVS
TVS Srichakra,http://www.moneycontrol.com/india/stockpricequote/tyres/tvssrichakra/TVS03
UCO Bank,http://www.moneycontrol.com/india/stockpricequote/bankspublicsector/ucobank/UCO
Uflex,http://www.moneycontrol.com/india/stockpricequote/packaging/uflex/U01
Ujjivan Financi,http://www.moneycontrol.com/india/stockpricequote/financegeneral/ujjivanfinancialservices/UFS01
UltraTechCement,http://www.moneycontrol.com/india/stockpricequote/cementmajor/ultratechcement/UTC01
Unichem Labs,http://www.moneycontrol.com/india/stockpricequote/pharmaceuticals/unichemlaboratories/UL02
Union Bank,http://www.moneycontrol.com/india/stockpricequote/bankspublicsector/unionbankindia/UBI01
Unitech,http://www.moneycontrol.com/india/stockpricequote/constructioncontractingcivil/unitech/U
United Brewerie,http://www.moneycontrol.com/india/stockpricequote/breweriesdistilleries/unitedbreweries/UB02
UPL,http://www.moneycontrol.com/india/stockpricequote/chemicals/upl/UP04
V-Guard Ind,http://www.moneycontrol.com/india/stockpricequote/electricequipment/vguardindustries/VI02
Va Tech Wabag,http://www.moneycontrol.com/india/stockpricequote/infrastructuregeneral/vatechwabag/VTW
Vakrangee,http://www.moneycontrol.com/india/stockpricequote/computerssoftwaremediumsmall/vakrangee/VS
Vardhman Text,http://www.moneycontrol.com/india/stockpricequote/textilesspinningcottonblended/vardhmantextiles/VT10
Varun Beverages,http://www.moneycontrol.com/india/stockpricequote/foodprocessing/varunbeverages/VB05
Vedanta,http://www.moneycontrol.com/india/stockpricequote/miningminerals/vedanta/SG
Videocon Ind,http://www.moneycontrol.com/india/stockpricequote/consumergoodselectronic/videoconindustries/VLF
Vijaya Bank,http://www.moneycontrol.com/india/stockpricequote/bankspublicsector/vijayabank/VB03
Vinati Organics,http://www.moneycontrol.com/india/stockpricequote/chemicals/vinatiorganics/VO01
VIP Industries,http://www.moneycontrol.com/india/stockpricequote/plastics/vipindustries/VIP
Voltas,http://www.moneycontrol.com/india/stockpricequote/diversified/voltas/V
VST,http://www.moneycontrol.com/india/stockpricequote/cigarettes/vstindustries/VST
WABCO India,http://www.moneycontrol.com/india/stockpricequote/autoancillaries/wabcoindia/WAB
Welspun Corp,http://www.moneycontrol.com/india/stockpricequote/steeltubespipes/welspuncorp/WGS
Welspun India,http://www.moneycontrol.com/india/stockpricequote/textilesweaving/welspunindia/WI03
Westlife Dev,http://www.moneycontrol.com/india/stockpricequote/hotels/westlifedevelopment/DIC
Whirlpool,http://www.moneycontrol.com/india/stockpricequote/consumergoodswhitegoods/whirlpoolindia/WI
Wipro,http://www.moneycontrol.com/india/stockpricequote/computerssoftware/wipro/W
Wockhardt,http://www.moneycontrol.com/india/stockpricequote/pharmaceuticals/wockhardt/W05
Wonderla,http://www.moneycontrol.com/india/stockpricequote/miscellaneous/wonderlaholidays/WH01
Yes Bank,http://www.moneycontrol.com/india/stockpricequote/banksprivatesector/yesbank/YB
Zee Entertain,http://www.moneycontrol.com/india/stockpricequote/mediaentertainment/zeeentertainmententerprises/ZEE
Zensar Tech,http://www.moneycontrol.com/india/stockpricequote/computerssoftware/zensartechnologies/ZT02
None,
